resturant_id,name,description,price,menuLink,menu_id
35255743,일품(1인무한리필),,59000,,1
35255743,대진참치(1인무한리필),,48000,,2
35255743,혼마구로(1인무한리필),,85000,,3
35255743,혼골드참치(1인무한리필),,100000,,4
1880745564,시그니처 통단호박콩크림스프(2~3인),,23800,,5
1880745564,시그니처 매콤새우파스타,,24000,,6
1880745564,통관자 바질페스토 파스타,,26000,,7
1880745564,비프스테이크,,46900,,8
1880745564,스모크드 뽈뽀스테이크,,32000,,9
1880745564,올리브&올리브파스타,,19800,,10
1880745564,스테비아 샹그리아(레드),,9000,,11
1880745564,스테비아 샹그리아(화이트),,9000,,12
1880745564,하우스와인,,7500,,13
1284328078,양갈비,,28000,,14
1284328078,양등심,,29000,,15
1284328078,점심특선 양갈비,,23000,,16
1284328078,점심특선 양등심,,24000,,17
1765758635,"고생했어 '토닥토닥' Bottle","'좋은 길'이라는 뜻의 와인으로 드시는 분에게 언제나 좋은 길을 걷도록 응원하는 마음을 담은 달콤한 와인",24000,,18
1948630584,로스카츠(등심) 정식,,15000,,19
1948630584,히레카츠(안심) 정식,,16000,,20
1948630584,특로스(상등심) 정식,,19000,,21
1948630584,모듬카츠 (등심&안심) 정식,,18000,,22
1948630584,씨푸드 카츠 정식,,16000,,23
1948630584,한입 카레_side,,3000,,24
1948630584,사이다,,2500,,25
1948630584,콜라,,2500,,26
1948630584,제로 콜라,,2500,,27
1948630584,기린 병맥주,,7000,,28
1948630584,아사히 병맥주,,7000,,29
1948630584,짐빔 하이볼,,8000,,30
1646811917,다이호시 카이센동,,35000,,31
1646811917,카이센동,,22000,,32
1646811917,사시미 모리아와세 1인,,30000,,33
1646811917,런치 카이센동,,15000,,34
1646811917,지라시즈시,,17000,,35
1646811917,사케동,,24000,,36
1646811917,우나기동,,24000,,37
1646811917,마구로동,,35000,,38
1646811917,제이타쿠동,,35000,,39
1646811917,마구로 우니동,,45000,,40
1646811917,우니동,,45000,,41
1646811917,아카미쯔께동,,30000,,42
38457345,오렌지 치킨,,19000,https://m.place.naver.com/restaurant/38457345/menu,43
38457345,제널럴 쏘 치킨,,18500,https://m.place.naver.com/restaurant/38457345/menu,44
38457345,몽골리안비프,,29000,https://m.place.naver.com/restaurant/38457345/menu,45
38457345,깐풍마늘가지새우,,29000,https://m.place.naver.com/restaurant/38457345/menu,46
38457345,스윗앤사워포크,,28000,https://m.place.naver.com/restaurant/38457345/menu,47
38457345,상하이로포크,,35000,https://m.place.naver.com/restaurant/38457345/menu,48
38457345,해물누룽지탕,,36000,https://m.place.naver.com/restaurant/38457345/menu,49
38457345,레몬크림쉬림프,,26000,https://m.place.naver.com/restaurant/38457345/menu,50
38457345,칠리쉬림프,,27000,https://m.place.naver.com/restaurant/38457345/menu,51
38457345,포메모리얼,,41000,https://m.place.naver.com/restaurant/38457345/menu,52
38457345,사천탕면,,14000,https://m.place.naver.com/restaurant/38457345/menu,53
38457345,화이브오션,,36000,https://m.place.naver.com/restaurant/38457345/menu,54
38457345,치킨인그린필드,,28000,https://m.place.naver.com/restaurant/38457345/menu,55
38457345,게살숲,,14500,https://m.place.naver.com/restaurant/38457345/menu,56
38457345,핫앤사워숲,,15000,https://m.place.naver.com/restaurant/38457345/menu,57
1746231153,Beef(소고기),,19000,https://m.place.naver.com/restaurant/1746231153/menu,58
1746231153,Pork(돼지고기),,15000,https://m.place.naver.com/restaurant/1746231153/menu,59
1746231153,Lamb(양고기),,20000,https://m.place.naver.com/restaurant/1746231153/menu,60
1746231153,Boneless Short Rib Beef(진갈비살),,27000,https://m.place.naver.com/restaurant/1746231153/menu,61
1746231153,Wagyu Beef(와규),,32000,https://m.place.naver.com/restaurant/1746231153/menu,62
1746231153,Seafood Platter(씨푸드플래터),,19000,https://m.place.naver.com/restaurant/1746231153/menu,63
1746231153,Surf&Turf(소고기&해산물),,20000,https://m.place.naver.com/restaurant/1746231153/menu,64
1746231153,Seafood Supreme(씨푸드슈프림),,24000,https://m.place.naver.com/restaurant/1746231153/menu,65
1746231153,Vegetarian Delights(베지테리언),,13000,https://m.place.naver.com/restaurant/1746231153/menu,66
1746231153,Hidden Beef Fries,,13000,https://m.place.naver.com/restaurant/1746231153/menu,67
1746231153,Lemon Cream Shrimp,,12000,https://m.place.naver.com/restaurant/1746231153/menu,68
1746231153,Soy Chaofan,,11000,https://m.place.naver.com/restaurant/1746231153/menu,69
1746231153,Sweet & Sour Pork,,16000,https://m.place.naver.com/restaurant/1746231153/menu,70
1746231153,마라부대전골,,12000,https://m.place.naver.com/restaurant/1746231153/menu,71
1746231153,마마똠양라면,,12000,https://m.place.naver.com/restaurant/1746231153/menu,72
1967732096,(점심특선) 소고기삼겹 된장전골,,11000,https://m.place.naver.com/restaurant/1967732096/menu,73
1967732096,(점심특선) 바지락 大 된장전골,,22000,https://m.place.naver.com/restaurant/1967732096/menu,74
1967732096,모둠 수육전골 大 500g,,52000,https://m.place.naver.com/restaurant/1967732096/menu,75
1967732096,모둠 수육무침 250g,,35000,https://m.place.naver.com/restaurant/1967732096/menu,76
1967732096,(점심특선) 우렁 된장전골,,11000,https://m.place.naver.com/restaurant/1967732096/menu,77
1967732096,(점심특선) 스지 된장전골,,12000,https://m.place.naver.com/restaurant/1967732096/menu,78
1967732096,(점심특선) 들깨 된장전골,,10000,https://m.place.naver.com/restaurant/1967732096/menu,79
1967732096,(점심특선) 굴 된장전골,,11000,https://m.place.naver.com/restaurant/1967732096/menu,80
1967732096,모둠 수육전골 中 300g,,35000,https://m.place.naver.com/restaurant/1967732096/menu,81
1967732096,우렁 미나리전,,15000,https://m.place.naver.com/restaurant/1967732096/menu,82
1967732096,칼칼한 바지락탕,,15000,https://m.place.naver.com/restaurant/1967732096/menu,83
1967732096,칼칼한 굴탕,,15000,https://m.place.naver.com/restaurant/1967732096/menu,84
1967732096,매운 소고기두부전골,,18000,https://m.place.naver.com/restaurant/1967732096/menu,85
1967732096,소꼬리전골 大 900g,,82000,https://m.place.naver.com/restaurant/1967732096/menu,86
1967732096,소꼬리전골 中 600g,,55000,https://m.place.naver.com/restaurant/1967732096/menu,87
21553337,평일 런치 파스타.피자 세트,,21900,https://m.place.naver.com/restaurant/21553337/menu,88
21553337,커플 파스타코스,,67000,https://m.place.naver.com/restaurant/21553337/menu,89
21553337,4인 패밀리코스,,138000,https://m.place.naver.com/restaurant/21553337/menu,90
21553337,파스타,,18500,https://m.place.naver.com/restaurant/21553337/menu,91
21553337,피자 리조또,,19500,https://m.place.naver.com/restaurant/21553337/menu,92
21553337,스테이크,,52000,https://m.place.naver.com/restaurant/21553337/menu,93
21553337,연어 브런치,,18900,https://m.place.naver.com/restaurant/21553337/menu,94
21553337,닭다리살 브런치,,18900,https://m.place.naver.com/restaurant/21553337/menu,95
21553337,채끝등심 브런치,,28900,https://m.place.naver.com/restaurant/21553337/menu,96
21553337,T-BONE스테이크,,129000,https://m.place.naver.com/restaurant/21553337/menu,97
21553337,레몬에이드,,8000,https://m.place.naver.com/restaurant/21553337/menu,98
21553337,오렌지에이드,,8000,https://m.place.naver.com/restaurant/21553337/menu,99
21553337,자몽에이드,,9000,https://m.place.naver.com/restaurant/21553337/menu,100
1374635804,이안스페셜초밥(12P),활어3P+연어2P+연어양파1P+소고기직화1P+육회타다끼1P+육회초밥1P+간장새우1P+계란새우1P+구운새우1P,17900,https://m.booking.naver.com/order/bizes/1023819/items/5459536?theme=place&refererCode=menutab&area=ple,101
1374635804,이안초밥(10P),활어2P+연어2P+연어양파1P+소고기직화1P++간장새우1P+계란새우1P+구운새우1+초새우1P,14900,https://m.booking.naver.com/order/bizes/1023819/items/5459536?theme=place&refererCode=menutab&area=ple,102
1374635804,이안스페셜초밥(12P),활어3P+연어2P+연어양파1P+소고기직화1P+육회타다끼1P+육회초밥1P+간장새우1P+계란새우1P+구운새우1P,17900,https://m.booking.naver.com/order/bizes/1023819/items/5459536?theme=place&refererCode=menutab&area=ple,103
1374635804,이안초밥(10P),활어2P+연어2P+연어양파1P+소고기직화1P++간장새우1P+계란새우1P+구운새우1+초새우1P,14900,https://m.booking.naver.com/order/bizes/1023819/items/5459536?theme=place&refererCode=menutab&area=ple,104
1374635804,이안스페셜초밥(12P),활어3P+연어2P+연어양파1P+소고기직화1P+육회타다끼1P+육회초밥1P+간장새우1P+계란새우1P+구운새우1P,17900,https://m.booking.naver.com/order/bizes/1023819/items/5459536?theme=place&refererCode=menutab&area=ple,105
1374635804,광어(5P)+연어(5P),,17900,https://m.booking.naver.com/order/bizes/1023819/items/5459536?theme=place&refererCode=menutab&area=ple,106
1374635804,육회(5P)+육회타다끼(5P),,19900,https://m.booking.naver.com/order/bizes/1023819/items/5459536?theme=place&refererCode=menutab&area=ple,107
1374635804,광어초밥(10P),,17900,https://m.booking.naver.com/order/bizes/1023819/items/5459536?theme=place&refererCode=menutab&area=ple,108
1374635804,광어묵은지초밥(10P),,18900,https://m.booking.naver.com/order/bizes/1023819/items/5459536?theme=place&refererCode=menutab&area=ple,109
1374635804,연어초밥(10P),,17900,https://m.booking.naver.com/order/bizes/1023819/items/5459536?theme=place&refererCode=menutab&area=ple,110
1374635804,연어양파초밥(10P),,18900,https://m.booking.naver.com/order/bizes/1023819/items/5459536?theme=place&refererCode=menutab&area=ple,111
1374635804,구운새우초밥(10P),,19900,https://m.booking.naver.com/order/bizes/1023819/items/5459536?theme=place&refererCode=menutab&area=ple,112
1374635804,계란새우초밥(10P),,19900,https://m.booking.naver.com/order/bizes/1023819/items/5459536?theme=place&refererCode=menutab&area=ple,113
1374635804,연어직화초밥(10P),,18900,https://m.booking.naver.com/order/bizes/1023819/items/5459536?theme=place&refererCode=menutab&area=ple,114
1374635804,육회타다끼초밥(10P),,19900,https://m.booking.naver.com/order/bizes/1023819/items/5459536?theme=place&refererCode=menutab&area=ple,115
1374635804,간장새우초밥(10P),,19900,https://m.booking.naver.com/order/bizes/1023819/items/5459536?theme=place&refererCode=menutab&area=ple,116
1374635804,양념새우초밥(10P),,14900,https://m.booking.naver.com/order/bizes/1023819/items/5459536?theme=place&refererCode=menutab&area=ple,117
1374635804,육회초밥(10P),,19900,https://m.booking.naver.com/order/bizes/1023819/items/5459536?theme=place&refererCode=menutab&area=ple,118
1374635804,새우튀김우동,,6900,https://m.booking.naver.com/order/bizes/1023819/items/5459536?theme=place&refererCode=menutab&area=ple,119
1374635804,스프라이트,,2000,https://m.booking.naver.com/order/bizes/1023819/items/5459536?theme=place&refererCode=menutab&area=ple,120
1374635804,환타 파인,,2000,https://m.booking.naver.com/order/bizes/1023819/items/5459536?theme=place&refererCode=menutab&area=ple,121
1374635804,콜라,,2000,https://m.booking.naver.com/order/bizes/1023819/items/5459536?theme=place&refererCode=menutab&area=ple,122
1374635804,제로 콜라,,2000,https://m.booking.naver.com/order/bizes/1023819/items/5459536?theme=place&refererCode=menutab&area=ple,123
1547042129,딱새우사시미&전골,,40000,https://m.place.naver.com/restaurant/1547042129/menu,124
1547042129,전복세트,,70000,https://m.place.naver.com/restaurant/1547042129/menu,125
1547042129,곰새우찜&육수라면,,55000,https://m.place.naver.com/restaurant/1547042129/menu,126
1547042129,우설구이,,33000,https://m.place.naver.com/restaurant/1547042129/menu,127
1547042129,북방조개샤브샤브,,40000,https://m.place.naver.com/restaurant/1547042129/menu,128
1547042129,모듬사시미,,40000,https://m.place.naver.com/restaurant/1547042129/menu,129
1547042129,눈꽃살타다끼,,30000,https://m.place.naver.com/restaurant/1547042129/menu,130
1547042129,특제메로구이,,35000,https://m.place.naver.com/restaurant/1547042129/menu,131
1547042129,모듬수제화로꼬치,,25000,https://m.place.naver.com/restaurant/1547042129/menu,132
1547042129,생연어사시미&특제샐러드,,33000,https://m.place.naver.com/restaurant/1547042129/menu,133
1547042129,우삼겹생라멘샐러드,,25000,https://m.place.naver.com/restaurant/1547042129/menu,134
1547042129,특제간장가라아게,,21000,https://m.place.naver.com/restaurant/1547042129/menu,135
1547042129,치킨가라아게,,21000,https://m.place.naver.com/restaurant/1547042129/menu,136
1547042129,수제감자고로케,,19000,https://m.place.naver.com/restaurant/1547042129/menu,137
1547042129,문어가라아게,,30000,https://m.place.naver.com/restaurant/1547042129/menu,138
1105828592,낙원파히타,,42900,https://m.place.naver.com/restaurant/1105828592/menu,139
1105828592,까르니 할라피뇨 파스타,,16900,https://m.place.naver.com/restaurant/1105828592/menu,140
1105828592,한우대창파히타,,52900,https://m.place.naver.com/restaurant/1105828592/menu,141
1105828592,치킨파히타,,44900,https://m.place.naver.com/restaurant/1105828592/menu,142
1105828592,미트콤보파히타,,45900,https://m.place.naver.com/restaurant/1105828592/menu,143
1105828592,한우대창 할라피뇨 파스타,,19900,https://m.place.naver.com/restaurant/1105828592/menu,144
1105828592,치폴레 크림 파스타,,17900,https://m.place.naver.com/restaurant/1105828592/menu,145
1105828592,낙원 프라이즈 파스타,,16900,https://m.place.naver.com/restaurant/1105828592/menu,146
1105828592,아보카도 베이컨 크림 파스타,,17900,https://m.place.naver.com/restaurant/1105828592/menu,147
1105828592,타코 쉘 샐러드,,16900,https://m.place.naver.com/restaurant/1105828592/menu,148
1105828592,아보카도 샐러드(치킨텐더),,18900,https://m.place.naver.com/restaurant/1105828592/menu,149
1105828592,아보카도 샐러드(연어),,18900,https://m.place.naver.com/restaurant/1105828592/menu,150
1105828592,쉬림프 퀘사디아,,16900,https://m.place.naver.com/restaurant/1105828592/menu,151
1105828592,그릴목살 퀘사디아,,17900,https://m.place.naver.com/restaurant/1105828592/menu,152
1105828592,김치 브리또,,10900,https://m.place.naver.com/restaurant/1105828592/menu,153
36229909,은뜸오름초밥 2인세트,,42000,https://m.place.naver.com/restaurant/36229909/menu,154
36229909,대왕 은뜸 오름초밥(10pcs),,15900,https://m.place.naver.com/restaurant/36229909/menu,155
36229909,은뜸 시그니쳐 2인세트,,46000,https://m.place.naver.com/restaurant/36229909/menu,156
36229909,생참치 톳 대왕 후토마끼,,18900,https://m.place.naver.com/restaurant/36229909/menu,157
36229909,성산일출봉 명란 아보카도 생연어동,,18900,https://m.place.naver.com/restaurant/36229909/menu,158
36229909,한라산 연어사시미 해초샐러드+새우튀김,,34000,https://m.place.naver.com/restaurant/36229909/menu,159
36229909,대왕 생연어 오름초밥(10pcs),,18900,https://m.place.naver.com/restaurant/36229909/menu,160
36229909,대왕 반반 연어 오름초밥(10pcs),,18900,https://m.place.naver.com/restaurant/36229909/menu,161
36229909,대왕 생참치 오름초밥(10pcs),,16900,https://m.place.naver.com/restaurant/36229909/menu,162
36229909,대왕 숙성회 오름초밥,,18900,https://m.place.naver.com/restaurant/36229909/menu,163
36229909,대왕 랍스터새우 오름초밥(10pcs),,17900,https://m.place.naver.com/restaurant/36229909/menu,164
36229909,대왕 초새우 오름초밥(10pcs),,14900,https://m.place.naver.com/restaurant/36229909/menu,165
36229909,대왕 명란 오름초밥(10pcs),,13900,https://m.place.naver.com/restaurant/36229909/menu,166
36229909,대왕 어린이 오름초밥(10pcs),,12900,https://m.place.naver.com/restaurant/36229909/menu,167
36229909,제주 은뜸동(카이센동),,17900,https://m.place.naver.com/restaurant/36229909/menu,168
1545864194,된장전골(비조리),,10000,https://m.booking.naver.com/order/bizes/888323/items/5585560?theme=place&refererCode=menutab&area=ple,169
1545864194,수육전골(비조리),"* 모둠에는 부채살, 아롱사태, 스지로 구성되어 있습니다.",29000,https://m.booking.naver.com/order/bizes/888323/items/5585560?theme=place&refererCode=menutab&area=ple,170
1545864194,수육무침(비조리),,35000,https://m.booking.naver.com/order/bizes/888323/items/5585560?theme=place&refererCode=menutab&area=ple,171
1545864194,칼칼한바지락탕,,15000,https://m.booking.naver.com/order/bizes/888323/items/5585560?theme=place&refererCode=menutab&area=ple,172
1545864194,수육무침(비조리),,35000,https://m.booking.naver.com/order/bizes/888323/items/5585560?theme=place&refererCode=menutab&area=ple,173
1545864194,매운소고기두부전골,,18000,https://m.booking.naver.com/order/bizes/888323/items/5585560?theme=place&refererCode=menutab&area=ple,174
1545864194,칼칼한굴탕,,15000,https://m.booking.naver.com/order/bizes/888323/items/5585560?theme=place&refererCode=menutab&area=ple,175
1545864194,어리굴젓,,8000,https://m.booking.naver.com/order/bizes/888323/items/5585560?theme=place&refererCode=menutab&area=ple,176
1545864194,우렁미나리전,,15000,https://m.booking.naver.com/order/bizes/888323/items/5585560?theme=place&refererCode=menutab&area=ple,177
1545864194,수육전골(비조리),"* 모둠에는 부채살, 아롱사태, 스지로 구성되어 있습니다.",29000,https://m.booking.naver.com/order/bizes/888323/items/5585560?theme=place&refererCode=menutab&area=ple,178
1545864194,된장전골(비조리),,10000,https://m.booking.naver.com/order/bizes/888323/items/5585560?theme=place&refererCode=menutab&area=ple,179
1545864194,옥된장진한참기름,,12000,https://m.booking.naver.com/order/bizes/888323/items/5585560?theme=place&refererCode=menutab&area=ple,180
1545864194,수제김 5+1,,10000,https://m.booking.naver.com/order/bizes/888323/items/5585560?theme=place&refererCode=menutab&area=ple,181
1545864194,수제김 1봉,,2000,https://m.booking.naver.com/order/bizes/888323/items/5585560?theme=place&refererCode=menutab&area=ple,182
1545864194,칼국수면사리,,3000,https://m.booking.naver.com/order/bizes/888323/items/5585560?theme=place&refererCode=menutab&area=ple,183
1545864194,당면사리,,3000,https://m.booking.naver.com/order/bizes/888323/items/5585560?theme=place&refererCode=menutab&area=ple,184
1545864194,두부 추가,,3000,https://m.booking.naver.com/order/bizes/888323/items/5585560?theme=place&refererCode=menutab&area=ple,185
1545864194,수제비사리,,3000,https://m.booking.naver.com/order/bizes/888323/items/5585560?theme=place&refererCode=menutab&area=ple,186
1545864194,미나리 추가,,3000,https://m.booking.naver.com/order/bizes/888323/items/5585560?theme=place&refererCode=menutab&area=ple,187
1545864194,소고기삼겹두부김치,,15000,https://m.booking.naver.com/order/bizes/888323/items/5585560?theme=place&refererCode=menutab&area=ple,188
1545864194,오늘 갓 지은 밥,,1000,https://m.booking.naver.com/order/bizes/888323/items/5585560?theme=place&refererCode=menutab&area=ple,189
1545864194,김치찜 600g,,10000,https://m.booking.naver.com/order/bizes/888323/items/5585560?theme=place&refererCode=menutab&area=ple,190
1146807621,1. 홈메이드 클램 차우더,,15000,https://m.place.naver.com/restaurant/1146807621/menu,191
1146807621,2. 미트볼 & 갈릭 라이스,,22000,https://m.place.naver.com/restaurant/1146807621/menu,192
1146807621,3. 리스 찹 샐러드,,19000,https://m.place.naver.com/restaurant/1146807621/menu,193
1146807621,4. 카페 라자냐,,22000,https://m.place.naver.com/restaurant/1146807621/menu,194
1146807621,5. 샌프란 스타일 갈릭 누들,,20000,https://m.place.naver.com/restaurant/1146807621/menu,195
1146807621,6. 쉬림프 보드카 마카로니,,20000,https://m.place.naver.com/restaurant/1146807621/menu,196
1146807621,7. 리코타 프렌치 토스트,,21000,https://m.place.naver.com/restaurant/1146807621/menu,197
1146807621,8. 멕시칸 쉬림프 타코 볼,,20000,https://m.place.naver.com/restaurant/1146807621/menu,198
1666840826,도다리쑥국 정식,,35000,https://m.place.naver.com/restaurant/1666840826/menu,199
1666840826,도다리 쑥국,,25000,https://m.place.naver.com/restaurant/1666840826/menu,200
1666840826,도다리 세꼬시,,70000,https://m.place.naver.com/restaurant/1666840826/menu,201
1666840826,영암햇쑥전,,15000,https://m.place.naver.com/restaurant/1666840826/menu,202
1666840826,통낙지 비빔밥,,16000,https://m.place.naver.com/restaurant/1666840826/menu,203
1666840826,꼬막비빔밥,,16000,https://m.place.naver.com/restaurant/1666840826/menu,204
1666840826,해물부추전,,18000,https://m.place.naver.com/restaurant/1666840826/menu,205
1666840826,모듬 물회,,28000,https://m.place.naver.com/restaurant/1666840826/menu,206
1666840826,활어 물회,,20000,https://m.place.naver.com/restaurant/1666840826/menu,207
1666840826,전복미역국,,18000,https://m.place.naver.com/restaurant/1666840826/menu,208
1666840826,활어회덮밥,,16000,https://m.place.naver.com/restaurant/1666840826/menu,209
1666840826,해산물 모듬,,70000,https://m.place.naver.com/restaurant/1666840826/menu,210
1666840826,갑오징어 한마리 숙회,,50000,https://m.place.naver.com/restaurant/1666840826/menu,211
1666840826,낙지볶음 & 메밀면,,50000,https://m.place.naver.com/restaurant/1666840826/menu,212
1666840826,백합탕&칼국수,,35000,https://m.place.naver.com/restaurant/1666840826/menu,213
1619092757,수원왕갈비,,29000,https://m.place.naver.com/restaurant/1619092757/menu,214
1619092757,생갈비,,36000,https://m.place.naver.com/restaurant/1619092757/menu,215
1619092757,타우너스 갈비,,24000,https://m.place.naver.com/restaurant/1619092757/menu,216
1619092757,빗살로스,,28000,https://m.place.naver.com/restaurant/1619092757/menu,217
1619092757,돼지갈비,,22000,https://m.place.naver.com/restaurant/1619092757/menu,218
1619092757,LA양념갈비,,26000,https://m.place.naver.com/restaurant/1619092757/menu,219
1619092757,양곰탕,,12000,https://m.place.naver.com/restaurant/1619092757/menu,220
1619092757,빗살로스정식,,28000,https://m.place.naver.com/restaurant/1619092757/menu,221
1619092757,런치 양념갈비정식,,26000,https://m.place.naver.com/restaurant/1619092757/menu,222
1619092757,양념갈비,,26000,https://m.place.naver.com/restaurant/1619092757/menu,223
1619092757,돼지갈비정식,,22000,https://m.place.naver.com/restaurant/1619092757/menu,224
1619092757,LA갈비정식,,26000,https://m.place.naver.com/restaurant/1619092757/menu,225
1619092757,LA 순두부찌개,,8000,https://m.place.naver.com/restaurant/1619092757/menu,226
1619092757,토장찌개,,8000,https://m.place.naver.com/restaurant/1619092757/menu,227
1619092757,무생채볶음밥,,12000,https://m.place.naver.com/restaurant/1619092757/menu,228
1089466237,규카츠,,18000,https://m.place.naver.com/restaurant/1089466237/menu,229
1089466237,반숙 오므라이스,,12000,https://m.place.naver.com/restaurant/1089466237/menu,230
1089466237,스테키 정식,,18000,https://m.place.naver.com/restaurant/1089466237/menu,231
1089466237,스테키 덮밥,,18000,https://m.place.naver.com/restaurant/1089466237/menu,232
1089466237,야마가타 민치카레,,13000,https://m.place.naver.com/restaurant/1089466237/menu,233
1089466237,우삼겹 덮밥,,14000,https://m.place.naver.com/restaurant/1089466237/menu,234
1089466237,에비카츠동,,13000,https://m.place.naver.com/restaurant/1089466237/menu,235
1089466237,니꾸온우동(계절메뉴),,10000,https://m.place.naver.com/restaurant/1089466237/menu,236
1089466237,냉소바(계절메뉴),,10000,https://m.place.naver.com/restaurant/1089466237/menu,237
1609949246,런치A세트-샤브샤브(미국산전각),,14900,https://m.place.naver.com/restaurant/1609949246/menu,238
1609949246,런치B세트-샤브샤브(미국산부채살),,16900,https://m.place.naver.com/restaurant/1609949246/menu,239
1609949246,런치C세트-샤브샤브(한우설깃),,17900,https://m.place.naver.com/restaurant/1609949246/menu,240
1609949246,런치A세트-스키야키(미국산전각),,14900,https://m.place.naver.com/restaurant/1609949246/menu,241
1609949246,런치B세트-스키야키(미국산부채살),,16900,https://m.place.naver.com/restaurant/1609949246/menu,242
1609949246,런치C세트-스키야키(한우설깃),,17900,https://m.place.naver.com/restaurant/1609949246/menu,243
1609949246,디너A세트-샤브샤브(미국산전각),,18900,https://m.place.naver.com/restaurant/1609949246/menu,244
1609949246,디너B세트-샤브샤브(미국산부채살),,20900,https://m.place.naver.com/restaurant/1609949246/menu,245
1609949246,디너C세트-샤브샤브(한우설깃),,22900,https://m.place.naver.com/restaurant/1609949246/menu,246
1609949246,디너A세트-스키야키(미국산전각),,18900,https://m.place.naver.com/restaurant/1609949246/menu,247
1609949246,디너B세트-스키야키(미국산 부채살),,20900,https://m.place.naver.com/restaurant/1609949246/menu,248
1609949246,디너C세트-스키야키(한우설깃),,22900,https://m.place.naver.com/restaurant/1609949246/menu,249
1078951664,양념소갈비살,,19000,https://m.place.naver.com/restaurant/1078951664/menu,250
1078951664,왕갈비(생/양념),,28000,https://m.place.naver.com/restaurant/1078951664/menu,251
1078951664,깍뚝꽃살,,26000,https://m.place.naver.com/restaurant/1078951664/menu,252
1078951664,투뿔한우육회,,17000,https://m.place.naver.com/restaurant/1078951664/menu,253
1078951664,가락국수,,7000,https://m.place.naver.com/restaurant/1078951664/menu,254
1078951664,비빔국수,,7000,https://m.place.naver.com/restaurant/1078951664/menu,255
1078951664,소고기된장찌개,,6000,https://m.place.naver.com/restaurant/1078951664/menu,256
1078951664,차돌마라볶음밥,,9000,https://m.place.naver.com/restaurant/1078951664/menu,257
1078951664,치즈계란찜,,6000,https://m.place.naver.com/restaurant/1078951664/menu,258
1078951664,물냉면,,7000,https://m.place.naver.com/restaurant/1078951664/menu,259
1078951664,갈비탕,,13000,https://m.place.naver.com/restaurant/1078951664/menu,260
1078951664,들기름한우육회비빔밥,,12000,https://m.place.naver.com/restaurant/1078951664/menu,261
1727282987,양갈비,,25000,https://m.place.naver.com/restaurant/1727282987/menu,262
1727282987,양등심꼬치,,22000,https://m.place.naver.com/restaurant/1727282987/menu,263
1727282987,탕수육,,21000,https://m.place.naver.com/restaurant/1727282987/menu,264
1727282987,온면,,7000,https://m.place.naver.com/restaurant/1727282987/menu,265
19367858,사케동,,15500,https://m.place.naver.com/restaurant/19367858/menu,266
19367858,치즈가츠동,,10500,https://m.place.naver.com/restaurant/19367858/menu,267
19367858,카레가츠동,,10500,https://m.place.naver.com/restaurant/19367858/menu,268
19367858,카라김치나베동,,10500,https://m.place.naver.com/restaurant/19367858/menu,269
19367858,가츠동,,8500,https://m.place.naver.com/restaurant/19367858/menu,270
19367858,유부우동,,7500,https://m.place.naver.com/restaurant/19367858/menu,271
19367858,규 동,,10500,https://m.place.naver.com/restaurant/19367858/menu,272
19367858,믹스가츠동,,10500,https://m.place.naver.com/restaurant/19367858/menu,273
19367858,가라아게동,,9500,https://m.place.naver.com/restaurant/19367858/menu,274
19367858,에비동,,10500,https://m.place.naver.com/restaurant/19367858/menu,275
19367858,사케낫또동,,17000,https://m.place.naver.com/restaurant/19367858/menu,276
1458124345,샥슈카 (에그인헬),,18000,https://m.place.naver.com/restaurant/1458124345/menu,277
1458124345,OhSi 샐러드,,18000,https://m.place.naver.com/restaurant/1458124345/menu,278
1458124345,아이올리 크림 파스타,,23000,https://m.place.naver.com/restaurant/1458124345/menu,279
1458124345,채끝등심 스테이크,,38000,https://m.place.naver.com/restaurant/1458124345/menu,280
1458124345,플랫브레드,,24000,https://m.place.naver.com/restaurant/1458124345/menu,281
1458124345,치즈샐러드(스몰디쉬),,14000,https://m.place.naver.com/restaurant/1458124345/menu,282
1458124345,구운브리치즈(스몰디쉬),,16000,https://m.place.naver.com/restaurant/1458124345/menu,283
1458124345,바질 새우 파스타,,20000,https://m.place.naver.com/restaurant/1458124345/menu,284
1458124345,화이트 라구 파스타,,19000,https://m.place.naver.com/restaurant/1458124345/menu,285
1458124345,타프나드 해산물 오일 파스타,,19000,https://m.place.naver.com/restaurant/1458124345/menu,286
1458124345,OhSi스타일 해산물 상하이 파스타,,22000,https://m.place.naver.com/restaurant/1458124345/menu,287
1458124345,비프 버섯 샐러드,,20000,https://m.place.naver.com/restaurant/1458124345/menu,288
1458124345,트러플 크림 파스타,,23000,https://m.place.naver.com/restaurant/1458124345/menu,289
1458124345,아마트리치아나,,20000,https://m.place.naver.com/restaurant/1458124345/menu,290
1458124345,클래식 까르보나라,,19000,https://m.place.naver.com/restaurant/1458124345/menu,291
1013295267,라구 라자냐(시그니쳐),,13000,https://m.place.naver.com/restaurant/1013295267/menu,292
1013295267,써니피자(시그니쳐),,18000,https://m.place.naver.com/restaurant/1013295267/menu,293
1013295267,리코타치즈 샐러드,,12000,https://m.place.naver.com/restaurant/1013295267/menu,294
1013295267,머쉬룸&크림 라자냐,,15000,https://m.place.naver.com/restaurant/1013295267/menu,295
1013295267,라구 파스타,,13000,https://m.place.naver.com/restaurant/1013295267/menu,296
1013295267,화이트크림파스타,,17000,https://m.place.naver.com/restaurant/1013295267/menu,297
1013295267,플라워 마르게리타 피자,,16000,https://m.place.naver.com/restaurant/1013295267/menu,298
1013295267,비스크 파스타(시즌 메뉴),,19000,https://m.place.naver.com/restaurant/1013295267/menu,299
1013295267,꽈트로 포르마지 피자 (시즌메뉴),,19000,https://m.place.naver.com/restaurant/1013295267/menu,300
37362481,양왕갈비,,25000,https://m.place.naver.com/restaurant/37362481/menu,301
37362481,양등심꼬치,,22000,https://m.place.naver.com/restaurant/37362481/menu,302
37362481,양왕꼬치,,18000,https://m.place.naver.com/restaurant/37362481/menu,303
37333252,평양냉면,,16000,https://m.place.naver.com/restaurant/37333252/menu,304
37333252,수제만두,,15000,https://m.place.naver.com/restaurant/37333252/menu,305
37333252,불고기,,36000,https://m.place.naver.com/restaurant/37333252/menu,306
37333252,어북쟁반大,,110000,https://m.place.naver.com/restaurant/37333252/menu,307
37333252,한우육회,,45000,https://m.place.naver.com/restaurant/37333252/menu,308
37333252,수제순대,,25000,https://m.place.naver.com/restaurant/37333252/menu,309
37333252,비빔면,,16000,https://m.place.naver.com/restaurant/37333252/menu,310
37333252,어북쟁반中,,80000,https://m.place.naver.com/restaurant/37333252/menu,311
37333252,수육,,50000,https://m.place.naver.com/restaurant/37333252/menu,312
37333252,제육,,32000,https://m.place.naver.com/restaurant/37333252/menu,313
37333252,녹두지짐이,,20000,https://m.place.naver.com/restaurant/37333252/menu,314
37333252,만두국,,15000,https://m.place.naver.com/restaurant/37333252/menu,315
37333252,온반,,14000,https://m.place.naver.com/restaurant/37333252/menu,316
37333252,온면,,16000,https://m.place.naver.com/restaurant/37333252/menu,317
37333252,가자미식해,,35000,https://m.place.naver.com/restaurant/37333252/menu,318
1495733512,브루잉커피,,9000,https://m.place.naver.com/restaurant/1495733512/menu,319
1495733512,콘크리트 속의 자연,,12000,https://m.place.naver.com/restaurant/1495733512/menu,320
1495733512,아메리카노,,6500,https://m.place.naver.com/restaurant/1495733512/menu,321
1495733512,바닐라빈 라떼,,7000,https://m.place.naver.com/restaurant/1495733512/menu,322
1495733512,발로나 초콜릿 라떼,,7500,https://m.place.naver.com/restaurant/1495733512/menu,323
1495733512,애플 티에이드,,8000,https://m.place.naver.com/restaurant/1495733512/menu,324
1495733512,바닐라 무드,,12000,https://m.place.naver.com/restaurant/1495733512/menu,325
1495733512,사운드 오브 러브,,9500,https://m.place.naver.com/restaurant/1495733512/menu,326
1495733512,갸또 문타샤,,9500,https://m.place.naver.com/restaurant/1495733512/menu,327
1495733512,선물,,9500,https://m.place.naver.com/restaurant/1495733512/menu,328
1219023775,직화쭈꾸미볶음+완도미역국,불맛가득 매콤한 감성쭈꾸미,12000,https://m.booking.naver.com/order/bizes/1096417/items/5725571?theme=place&refererCode=menutab&area=ple,329
1219023775,직화쭈꾸미철판,철판에서 볶아먹는 불맛가득 쭈꾸미철판볶음,15000,https://m.booking.naver.com/order/bizes/1096417/items/5725571?theme=place&refererCode=menutab&area=ple,330
1219023775,매콤쭈꾸미철판,스트레스 싹 달아나는 매콤쭈꾸미,15000,https://m.booking.naver.com/order/bizes/1096417/items/5725571?theme=place&refererCode=menutab&area=ple,331
1219023775,직화쭈꾸미볶음+완도미역국,불맛가득 매콤한 감성쭈꾸미,12000,https://m.booking.naver.com/order/bizes/1096417/items/5725571?theme=place&refererCode=menutab&area=ple,332
1219023775,모짜렐라치즈피자2인,치즈가 쭈-욱 늘어나는 고소한 치즈피자,10000,https://m.booking.naver.com/order/bizes/1096417/items/5725571?theme=place&refererCode=menutab&area=ple,333
1219023775,모짜렐라치즈피자3인,치즈가 쭈-욱 늘어나는 고소한 치즈피자,12000,https://m.booking.naver.com/order/bizes/1096417/items/5725571?theme=place&refererCode=menutab&area=ple,334
1219023775,모짜렐라치즈피자,치즈가 쭈-욱 늘어나는 고소한 치즈피자,14000,https://m.booking.naver.com/order/bizes/1096417/items/5725571?theme=place&refererCode=menutab&area=ple,335
1219023775,탕수육(미니),쭈꾸미 찰떡궁합! 양은 절대 귀엽지 않은 미니탕수육,12000,https://m.booking.naver.com/order/bizes/1096417/items/5725571?theme=place&refererCode=menutab&area=ple,336
1219023775,탕수육(小),쭈꾸미 찰떡궁합! 넉넉한 양의 jmt 탕수육,19000,https://m.booking.naver.com/order/bizes/1096417/items/5725571?theme=place&refererCode=menutab&area=ple,337
1219023775,치즈돈까스,남녀노소 좋아하는 치즈듬뿍 치즈돈까스,10000,https://m.booking.naver.com/order/bizes/1096417/items/5725571?theme=place&refererCode=menutab&area=ple,338
1219023775,새우튀김2P,탱글한 식감이 일품인 새우튀김,8000,https://m.booking.naver.com/order/bizes/1096417/items/5725571?theme=place&refererCode=menutab&area=ple,339
1219023775,새우튀김3P,탱글한 식감이 일품인 새우튀김,12000,https://m.booking.naver.com/order/bizes/1096417/items/5725571?theme=place&refererCode=menutab&area=ple,340
1219023775,치즈퐁듀,쭈꾸미 환상조합!,7000,https://m.booking.naver.com/order/bizes/1096417/items/5725571?theme=place&refererCode=menutab&area=ple,341
1219023775,푸딩계란찜,부들부들 푸딩계란찜,5000,https://m.booking.naver.com/order/bizes/1096417/items/5725571?theme=place&refererCode=menutab&area=ple,342
1219023775,우삼겹사리,사장님 여기 우삼겹사리 추가요~,11000,https://m.booking.naver.com/order/bizes/1096417/items/5725571?theme=place&refererCode=menutab&area=ple,343
1219023775,삼겹사리,고기가 모자랄땐! 삼겹사리추가!,10000,https://m.booking.naver.com/order/bizes/1096417/items/5725571?theme=place&refererCode=menutab&area=ple,344
1219023775,우동사리,통통한 우동사리,3000,https://m.booking.naver.com/order/bizes/1096417/items/5725571?theme=place&refererCode=menutab&area=ple,345
1219023775,주먹밥,짭짤한 주먹밥 :-),4000,https://m.booking.naver.com/order/bizes/1096417/items/5725571?theme=place&refererCode=menutab&area=ple,346
1219023775,공기밥,한국인은 밥심,1000,https://m.booking.naver.com/order/bizes/1096417/items/5725571?theme=place&refererCode=menutab&area=ple,347
1219023775,치즈돈까스,남녀노소 좋아하는 치즈듬뿍 치즈돈까스,10000,https://m.booking.naver.com/order/bizes/1096417/items/5725571?theme=place&refererCode=menutab&area=ple,348
1219023775,탕수육(小),쭈꾸미 찰떡궁합! 넉넉한 양의 jmt 탕수육,19000,https://m.booking.naver.com/order/bizes/1096417/items/5725571?theme=place&refererCode=menutab&area=ple,349
1219023775,치즈퐁듀,쭈꾸미 환상조합!,7000,https://m.booking.naver.com/order/bizes/1096417/items/5725571?theme=place&refererCode=menutab&area=ple,350
1219023775,탕수육(미니),쭈꾸미 찰떡궁합! 양은 절대 귀엽지 않은 미니탕수육,12000,https://m.booking.naver.com/order/bizes/1096417/items/5725571?theme=place&refererCode=menutab&area=ple,351
1219023775,모짜렐라치즈피자,치즈가 쭈-욱 늘어나는 고소한 치즈피자,14000,https://m.booking.naver.com/order/bizes/1096417/items/5725571?theme=place&refererCode=menutab&area=ple,352
1219023775,모짜렐라치즈피자3인,치즈가 쭈-욱 늘어나는 고소한 치즈피자,12000,https://m.booking.naver.com/order/bizes/1096417/items/5725571?theme=place&refererCode=menutab&area=ple,353
1219023775,공기밥,한국인은 밥심,1000,https://m.booking.naver.com/order/bizes/1096417/items/5725571?theme=place&refererCode=menutab&area=ple,354
1219023775,주먹밥,짭짤한 주먹밥 :-),4000,https://m.booking.naver.com/order/bizes/1096417/items/5725571?theme=place&refererCode=menutab&area=ple,355
1219023775,모짜렐라치즈피자2인,치즈가 쭈-욱 늘어나는 고소한 치즈피자,10000,https://m.booking.naver.com/order/bizes/1096417/items/5725571?theme=place&refererCode=menutab&area=ple,356
1219023775,우동사리,통통한 우동사리,3000,https://m.booking.naver.com/order/bizes/1096417/items/5725571?theme=place&refererCode=menutab&area=ple,357
1219023775,매콤쭈꾸미철판,스트레스 싹 달아나는 매콤쭈꾸미,15000,https://m.booking.naver.com/order/bizes/1096417/items/5725571?theme=place&refererCode=menutab&area=ple,358
1219023775,삼겹사리,고기가 모자랄땐! 삼겹사리추가!,10000,https://m.booking.naver.com/order/bizes/1096417/items/5725571?theme=place&refererCode=menutab&area=ple,359
1219023775,직화쭈꾸미철판,철판에서 볶아먹는 불맛가득 쭈꾸미철판볶음,15000,https://m.booking.naver.com/order/bizes/1096417/items/5725571?theme=place&refererCode=menutab&area=ple,360
1219023775,우삼겹사리,사장님 여기 우삼겹사리 추가요~,11000,https://m.booking.naver.com/order/bizes/1096417/items/5725571?theme=place&refererCode=menutab&area=ple,361
1219023775,직화쭈꾸미볶음+완도미역국,불맛가득 매콤한 감성쭈꾸미,12000,https://m.booking.naver.com/order/bizes/1096417/items/5725571?theme=place&refererCode=menutab&area=ple,362
1219023775,새우튀김3P,탱글한 식감이 일품인 새우튀김,12000,https://m.booking.naver.com/order/bizes/1096417/items/5725571?theme=place&refererCode=menutab&area=ple,363
1219023775,푸딩계란찜,부들부들 푸딩계란찜,5000,https://m.booking.naver.com/order/bizes/1096417/items/5725571?theme=place&refererCode=menutab&area=ple,364
1219023775,새우튀김2P,탱글한 식감이 일품인 새우튀김,8000,https://m.booking.naver.com/order/bizes/1096417/items/5725571?theme=place&refererCode=menutab&area=ple,365
1716437721,공심채 마늘볶음,,10500,https://m.place.naver.com/restaurant/1716437721/menu,366
1716437721,짜죠,,13500,https://m.place.naver.com/restaurant/1716437721/menu,367
1716437721,해산물과 그린망고 샐러드,,15500,https://m.place.naver.com/restaurant/1716437721/menu,368
1716437721,고이꾸운 (돼지고기),,12500,https://m.place.naver.com/restaurant/1716437721/menu,369
1716437721,소고기쌀국수,,12500,https://m.place.naver.com/restaurant/1716437721/menu,370
1716437721,돼지고기쌀국수,,18500,https://m.place.naver.com/restaurant/1716437721/menu,371
1716437721,맑은 해산물쌀국수,,18500,https://m.place.naver.com/restaurant/1716437721/menu,372
1716437721,비빔쌀국수,,16500,https://m.place.naver.com/restaurant/1716437721/menu,373
1716437721,베트남식 볶음면,,16500,https://m.place.naver.com/restaurant/1716437721/menu,374
1716437721,파인애플 볶음밥,,12500,https://m.place.naver.com/restaurant/1716437721/menu,375
1716437721,해산물 볶음밥,,13500,https://m.place.naver.com/restaurant/1716437721/menu,376
1716437721,새우게살 볶음밥,,13500,https://m.place.naver.com/restaurant/1716437721/menu,377
1716437721,닭다리살과볶음밥,,15500,https://m.place.naver.com/restaurant/1716437721/menu,378
1716437721,반쎄오,,24500,https://m.place.naver.com/restaurant/1716437721/menu,379
1716437721,월남쌈 (Vietnamese special wrap)(M),,32500,https://m.place.naver.com/restaurant/1716437721/menu,380
1716437721,월남쌈 (Vietnamese special wrap)(L),,40500,https://m.place.naver.com/restaurant/1716437721/menu,381
1716437721,콜라 (Coca cola),,3000,https://m.place.naver.com/restaurant/1716437721/menu,382
1716437721,스프라이트 (Sprite),,3000,https://m.place.naver.com/restaurant/1716437721/menu,383
1716437721,환타파인 (Fanta pineapple),,3000,https://m.place.naver.com/restaurant/1716437721/menu,384
1716437721,분다버그 핑크자몽,,5000,https://m.place.naver.com/restaurant/1716437721/menu,385
1716437721,분다버그 트로피칼 망고,,5000,https://m.place.naver.com/restaurant/1716437721/menu,386
21791082,스테이크,,51000,https://m.place.naver.com/restaurant/21791082/menu,387
21791082,뇨끼,,22000,https://m.place.naver.com/restaurant/21791082/menu,388
21791082,파스타,,16000,https://m.place.naver.com/restaurant/21791082/menu,389
21791082,와인페어링,,22000,https://m.place.naver.com/restaurant/21791082/menu,390
21791082,리조또,,20000,https://m.place.naver.com/restaurant/21791082/menu,391
21791082,샐러드,,17000,https://m.place.naver.com/restaurant/21791082/menu,392
21791082,피자,,17000,https://m.place.naver.com/restaurant/21791082/menu,393
1719502237,숄더랙 360g,,39000,https://m.place.naver.com/restaurant/1719502237/menu,394
1719502237,듀록 오겹살 / 듀록 목살,,24000,https://m.place.naver.com/restaurant/1719502237/menu,395
1719502237,진 삼겹살 / 꽃 목살,,19000,https://m.place.naver.com/restaurant/1719502237/menu,396
1719502237,항정살,,22000,https://m.place.naver.com/restaurant/1719502237/menu,397
1719502237,등심덧살 / 갈매기살,,21000,https://m.place.naver.com/restaurant/1719502237/menu,398
1719502237,한우채끝,,52000,https://m.place.naver.com/restaurant/1719502237/menu,399
1719502237,부대전골 / 제주식 두루치기,,12000,https://m.place.naver.com/restaurant/1719502237/menu,400
1719502237,매운 갈비찜,,15000,https://m.place.naver.com/restaurant/1719502237/menu,401
1719502237,차돌 청된장 비빔밥,,11000,https://m.place.naver.com/restaurant/1719502237/menu,402
1719502237,대게장비빔밥,,11000,https://m.place.naver.com/restaurant/1719502237/menu,403
1719502237,소고기국밥,,11000,https://m.place.naver.com/restaurant/1719502237/menu,404
1141565501,모듬플래터,,35000,https://m.place.naver.com/restaurant/1141565501/menu,405
1141565501,치즈 플래터,,24000,https://m.place.naver.com/restaurant/1141565501/menu,406
1141565501,Lunch 회오리오므라이스,,12000,https://m.place.naver.com/restaurant/1141565501/menu,407
1141565501,Lunch 명란 로제 파스타,,16000,https://m.place.naver.com/restaurant/1141565501/menu,408
1141565501,글라스와인,,6900,https://m.place.naver.com/restaurant/1141565501/menu,409
1141565501,Lunch 봉골레 파스타,,16000,https://m.place.naver.com/restaurant/1141565501/menu,410
1141565501,Lunch 알리올리오 파스타,,15000,https://m.place.naver.com/restaurant/1141565501/menu,411
1141565501,Lunch 마르게리타 피자,,16000,https://m.place.naver.com/restaurant/1141565501/menu,412
1141565501,Lunch 고르곤졸라 피자,,16000,https://m.place.naver.com/restaurant/1141565501/menu,413
1141565501,Lunch 페퍼로니 피자,,15000,https://m.place.naver.com/restaurant/1141565501/menu,414
1141565501,나쵸&치즈,,8000,https://m.place.naver.com/restaurant/1141565501/menu,415
1141565501,멜론 프로슈토,,18000,https://m.place.naver.com/restaurant/1141565501/menu,416
1141565501,토마토 카프레제,,14000,https://m.place.naver.com/restaurant/1141565501/menu,417
1141565501,감자튀김,,8000,https://m.place.naver.com/restaurant/1141565501/menu,418
1141565501,연유 토마토,,12000,https://m.place.naver.com/restaurant/1141565501/menu,419
1864423651,리코타포도샐러드,,19800,https://m.place.naver.com/restaurant/1864423651/menu,420
1864423651,프로슈토 루꼴라,,24800,https://m.place.naver.com/restaurant/1864423651/menu,421
1864423651,마르게리따 콘 부팔라,,20800,https://m.place.naver.com/restaurant/1864423651/menu,422
1864423651,라자냐 알라 볼로네제,,20500,https://m.place.naver.com/restaurant/1864423651/menu,423
1864423651,빼쉐,,21800,https://m.place.naver.com/restaurant/1864423651/menu,424
1864423651,비니스파스타,,19500,https://m.place.naver.com/restaurant/1864423651/menu,425
1864423651,살시챠 에 스트라챠텔라 부라타,,20800,https://m.place.naver.com/restaurant/1864423651/menu,426
1864423651,5 포르마지,,21500,https://m.place.naver.com/restaurant/1864423651/menu,427
1864423651,깔조네 디 프로슈토,,22800,https://m.place.naver.com/restaurant/1864423651/menu,428
1864423651,디아볼라,,22500,https://m.place.naver.com/restaurant/1864423651/menu,429
1864423651,비스마르크,,20800,https://m.place.naver.com/restaurant/1864423651/menu,430
1864423651,마레 로제 리조또,,21800,https://m.place.naver.com/restaurant/1864423651/menu,431
1864423651,크레마 까르보나라,,18200,https://m.place.naver.com/restaurant/1864423651/menu,432
1864423651,화덕피자,,17800,https://m.place.naver.com/restaurant/1864423651/menu,433
1864423651,파스타,,18200,https://m.place.naver.com/restaurant/1864423651/menu,434
1985035310,반마리 장어 히츠마부시,,16000,https://m.place.naver.com/restaurant/1985035310/menu,435
1985035310,장어 히츠마부시,,25000,https://m.place.naver.com/restaurant/1985035310/menu,436
1985035310,특 장어 히츠마부시,,34000,https://m.place.naver.com/restaurant/1985035310/menu,437
1985035310,가지장어덮밥,,19000,https://m.place.naver.com/restaurant/1985035310/menu,438
1985035310,도쿠리사케,,6000,https://m.place.naver.com/restaurant/1985035310/menu,439
1985035310,장새고 만두,,6000,https://m.place.naver.com/restaurant/1985035310/menu,440
1985035310,장어 반마리 추가,,10000,https://m.place.naver.com/restaurant/1985035310/menu,441
1985035310,연어5p추가,,5000,https://m.place.naver.com/restaurant/1985035310/menu,442
1985035310,부타동,,16000,https://m.place.naver.com/restaurant/1985035310/menu,443
1985035310,사케동,,16000,https://m.place.naver.com/restaurant/1985035310/menu,444
1985035310,연어유부초밥(2p),,6000,https://m.place.naver.com/restaurant/1985035310/menu,445
1985035310,장어유부초밥(2p),,8000,https://m.place.naver.com/restaurant/1985035310/menu,446
1985035310,초밥세트 (4p),,8000,https://m.place.naver.com/restaurant/1985035310/menu,447
1985035310,연어사시미 (12p),,11000,https://m.place.naver.com/restaurant/1985035310/menu,448
1985035310,가바야끼,,19000,https://m.place.naver.com/restaurant/1985035310/menu,449
1017006923,1등급한우등심(100g)시세따라변동,,10800,https://m.place.naver.com/restaurant/1017006923/menu,450
1017006923,+1등급한우등심(100g)시세따라변동,,13800,https://m.place.naver.com/restaurant/1017006923/menu,451
1017006923,++1등급한우등심(100g)시세변동,,15800,https://m.place.naver.com/restaurant/1017006923/menu,452
1017006923,안심1++(100g)산지시세따라변동,,20800,https://m.place.naver.com/restaurant/1017006923/menu,453
1017006923,채끝1++(100g)산지시세따라변동,,18800,https://m.place.naver.com/restaurant/1017006923/menu,454
1017006923,살치살1++(100g)산지시세따라변동,,20800,https://m.place.naver.com/restaurant/1017006923/menu,455
1017006923,갈비살1++(100g)산지시세따라변동,,16800,https://m.place.naver.com/restaurant/1017006923/menu,456
1017006923,안창살1++(100g)산지시세따라변동,,30800,https://m.place.naver.com/restaurant/1017006923/menu,457
1017006923,한우육회,,25000,https://m.place.naver.com/restaurant/1017006923/menu,458
1017006923,점심특선_한우 등심양념구이 정식,,23000,https://m.place.naver.com/restaurant/1017006923/menu,459
1017006923,점심특선_한우 등심양념구이 정식_고기,,18000,https://m.place.naver.com/restaurant/1017006923/menu,460
1017006923,참다운A세트,,96000,https://m.place.naver.com/restaurant/1017006923/menu,461
1017006923,참다운B세트,,144000,https://m.place.naver.com/restaurant/1017006923/menu,462
1017006923,참다운C세트,,189000,https://m.place.naver.com/restaurant/1017006923/menu,463
1017006923,참다운D세트,,237000,https://m.place.naver.com/restaurant/1017006923/menu,464
1726686527,숙성도 블랙 프리미엄,,91000,https://m.place.naver.com/restaurant/1726686527/menu,465
1726686527,960 숙성 생갈비,,35000,https://m.place.naver.com/restaurant/1726686527/menu,466
1726686527,720 교차숙성 흑돼지(꾸리살),,22000,https://m.place.naver.com/restaurant/1726686527/menu,467
1726686527,720 숙성 삼겹살,,23000,https://m.place.naver.com/restaurant/1726686527/menu,468
1726686527,720 발효숙성 목살,,23000,https://m.place.naver.com/restaurant/1726686527/menu,469
1726686527,560 통항정,,23000,https://m.place.naver.com/restaurant/1726686527/menu,470
1726686527,560 껍가브리살,,23000,https://m.place.naver.com/restaurant/1726686527/menu,471
1726686527,갈치속젓볶음밥,,8000,https://m.place.naver.com/restaurant/1726686527/menu,472
1726686527,된장술밥,,9000,https://m.place.naver.com/restaurant/1726686527/menu,473
1726686527,가자미회 비빔냉면,,8000,https://m.place.naver.com/restaurant/1726686527/menu,474
1726686527,시원한 동치미냉면,,8000,https://m.place.naver.com/restaurant/1726686527/menu,475
1726686527,맛있는 김치찌개 추가,,5000,https://m.place.naver.com/restaurant/1726686527/menu,476
1726686527,파김치 추가,,2000,https://m.place.naver.com/restaurant/1726686527/menu,477
1726686527,공기밥,,1000,https://m.place.naver.com/restaurant/1726686527/menu,478
1584478259,정희삼합,,18900,https://m.place.naver.com/restaurant/1584478259/menu,479
1584478259,매콤들기름메밀면,,9900,https://m.place.naver.com/restaurant/1584478259/menu,480
1584478259,강된장 케일 쌈밥,,10900,https://m.place.naver.com/restaurant/1584478259/menu,481
1584478259,고사리 크림수제비,,12900,https://m.place.naver.com/restaurant/1584478259/menu,482
1584478259,한우지짐밥,,13900,https://m.place.naver.com/restaurant/1584478259/menu,483
1584478259,감태타르타르,,11900,https://m.place.naver.com/restaurant/1584478259/menu,484
1584478259,새우감자전,,14900,https://m.place.naver.com/restaurant/1584478259/menu,485
1584478259,육개장 칼국수,,11900,https://m.place.naver.com/restaurant/1584478259/menu,486
1584478259,봉골레 칼국수,,11900,https://m.place.naver.com/restaurant/1584478259/menu,487
1584478259,회국수 카펠리니 *계절메뉴,,11900,https://m.place.naver.com/restaurant/1584478259/menu,488
1584478259,묵은지회말이,,11900,https://m.place.naver.com/restaurant/1584478259/menu,489
1327166018,1등급 숯불 생오리로스(300g),,25900,https://m.place.naver.com/restaurant/1327166018/menu,490
1327166018,1등급 숯불 생오리양념(300g),,27900,https://m.place.naver.com/restaurant/1327166018/menu,491
1327166018,1등급 숯불 삼겹살(200g),,18900,https://m.place.naver.com/restaurant/1327166018/menu,492
1327166018,아이스박술 제공 (시원하고 간편하게),,0,https://m.place.naver.com/restaurant/1327166018/menu,493
1327166018,APPLE하이볼,,8000,https://m.place.naver.com/restaurant/1327166018/menu,494
1327166018,녹두죽,,0,https://m.place.naver.com/restaurant/1327166018/menu,495
1327166018,숯불 고구마,,0,https://m.place.naver.com/restaurant/1327166018/menu,496
1327166018,함흥비빔냉면,,8500,https://m.place.naver.com/restaurant/1327166018/menu,497
1327166018,함흥물냉면,,8000,https://m.place.naver.com/restaurant/1327166018/menu,498
1327166018,파인샤베트,,8000,https://m.place.naver.com/restaurant/1327166018/menu,499
1327166018,얼그레이하이볼,,8000,https://m.place.naver.com/restaurant/1327166018/menu,500
1327166018,짐빔하이볼(오리지널),,8000,https://m.place.naver.com/restaurant/1327166018/menu,501
1327166018,버번3대장 하이볼,,9000,https://m.place.naver.com/restaurant/1327166018/menu,502
1327166018,산토리하이볼,,8000,https://m.place.naver.com/restaurant/1327166018/menu,503
1327166018,봄베이하이볼,,8000,https://m.place.naver.com/restaurant/1327166018/menu,504
1219583666,베이비 테디,,19800,https://m.place.naver.com/restaurant/1219583666/menu,505
1219583666,얼그레이 밀크티,,8700,https://m.place.naver.com/restaurant/1219583666/menu,506
1219583666,테디 케이크,,58000,https://m.place.naver.com/restaurant/1219583666/menu,507
1219583666,테디 스콘,,5300,https://m.place.naver.com/restaurant/1219583666/menu,508
1219583666,우유크림 소금빵,,5600,https://m.place.naver.com/restaurant/1219583666/menu,509
1219583666,미니 테디 케이크,,9800,https://m.place.naver.com/restaurant/1219583666/menu,510
1219583666,브레드 스콘,,4700,https://m.place.naver.com/restaurant/1219583666/menu,511
1219583666,NEW💕얼그레이 퍼피,,19800,https://m.place.naver.com/restaurant/1219583666/menu,512
1219583666,NEW💕레드벨벳 퍼피,,19800,https://m.place.naver.com/restaurant/1219583666/menu,513
1219583666,베이비 고영희,,19800,https://m.place.naver.com/restaurant/1219583666/menu,514
1219583666,쪽파 크림치즈 소금빵,,5900,https://m.place.naver.com/restaurant/1219583666/menu,515
1219583666,시나몬 피칸 소금빵,,5900,https://m.place.naver.com/restaurant/1219583666/menu,516
1219583666,플레인 소금빵,,3800,https://m.place.naver.com/restaurant/1219583666/menu,517
1219583666,빅토리아 케이크,,8000,https://m.place.naver.com/restaurant/1219583666/menu,518
1219583666,쥬시 레몬 케이크,,8300,https://m.place.naver.com/restaurant/1219583666/menu,519
1042733848,도아들 세트(540g),,55000,https://m.place.naver.com/restaurant/1042733848/menu,520
1042733848,도아들삼겹살(180g),,18000,https://m.place.naver.com/restaurant/1042733848/menu,521
1042733848,도아들목살(180g),,18000,https://m.place.naver.com/restaurant/1042733848/menu,522
1042733848,도아들 숙성항정살(180g),,21000,https://m.place.naver.com/restaurant/1042733848/menu,523
1042733848,꼬들살(180g),,18000,https://m.place.naver.com/restaurant/1042733848/menu,524
1042733848,특상우설(150g),,30000,https://m.place.naver.com/restaurant/1042733848/menu,525
1042733848,한우소등골(100g),,15000,https://m.place.naver.com/restaurant/1042733848/menu,526
1042733848,"도아들육회(간장,고추장)",,22000,https://m.place.naver.com/restaurant/1042733848/menu,527
1042733848,(점심한정)김치찌개,,9000,https://m.place.naver.com/restaurant/1042733848/menu,528
1042733848,(점심한정)육회비빔밥,,13000,https://m.place.naver.com/restaurant/1042733848/menu,529
1042733848,(점심한정)돈육전,,8000,https://m.place.naver.com/restaurant/1042733848/menu,530
1042733848,구름계란찜,,5000,https://m.place.naver.com/restaurant/1042733848/menu,531
1042733848,해장라면,,5000,https://m.place.naver.com/restaurant/1042733848/menu,532
1042733848,육전짜파게티,,6000,https://m.place.naver.com/restaurant/1042733848/menu,533
1042733848,육회비빔면,,7000,https://m.place.naver.com/restaurant/1042733848/menu,534
1309868310,판교돈모둠 500g,,52000,https://m.place.naver.com/restaurant/1309868310/menu,535
1309868310,육즙목살 150g,,16000,https://m.place.naver.com/restaurant/1309868310/menu,536
1309868310,꼬들목살 180g,,16000,https://m.place.naver.com/restaurant/1309868310/menu,537
1309868310,숙성오겹 150g,,16000,https://m.place.naver.com/restaurant/1309868310/menu,538
1309868310,등심덧살 150g,,16000,https://m.place.naver.com/restaurant/1309868310/menu,539
1309868310,치마살 150g,,16000,https://m.place.naver.com/restaurant/1309868310/menu,540
1309868310,쫀득살 200g,,16000,https://m.place.naver.com/restaurant/1309868310/menu,541
1309868310,오돌갈비 200g,,16000,https://m.place.naver.com/restaurant/1309868310/menu,542
1309868310,미나리볶음밥,,5000,https://m.place.naver.com/restaurant/1309868310/menu,543
1309868310,후식냉밀면(비빔),,5000,https://m.place.naver.com/restaurant/1309868310/menu,544
1309868310,후식냉밀면(물냉),,5000,https://m.place.naver.com/restaurant/1309868310/menu,545
1309868310,된장술밥,,5000,https://m.place.naver.com/restaurant/1309868310/menu,546
1309868310,해장라면,,5000,https://m.place.naver.com/restaurant/1309868310/menu,547
1309868310,계란찜,,3000,https://m.place.naver.com/restaurant/1309868310/menu,548
1309868310,된장찌개,,3000,https://m.place.naver.com/restaurant/1309868310/menu,549
1359475420,우동,,8500,https://m.booking.naver.com/order/bizes/800982/items/4751418?theme=place&refererCode=menutab&area=ple,550
1359475420,어묵우동,,9500,https://m.booking.naver.com/order/bizes/800982/items/4751418?theme=place&refererCode=menutab&area=ple,551
1359475420,어묵,,9500,https://m.booking.naver.com/order/bizes/800982/items/4751418?theme=place&refererCode=menutab&area=ple,552
1359475420,어묵탕,,21000,https://m.booking.naver.com/order/bizes/800982/items/4751418?theme=place&refererCode=menutab&area=ple,553
1359475420,탕수육,,14000,https://m.booking.naver.com/order/bizes/800982/items/4751418?theme=place&refererCode=menutab&area=ple,554
1359475420,만두(8개),,6000,https://m.booking.naver.com/order/bizes/800982/items/4751418?theme=place&refererCode=menutab&area=ple,555
1359475420,우동,,8500,https://m.booking.naver.com/order/bizes/800982/items/4751418?theme=place&refererCode=menutab&area=ple,556
1359475420,어묵,,9500,https://m.booking.naver.com/order/bizes/800982/items/4751418?theme=place&refererCode=menutab&area=ple,557
1359475420,어묵우동,,9500,https://m.booking.naver.com/order/bizes/800982/items/4751418?theme=place&refererCode=menutab&area=ple,558
1359475420,어묵탕,,21000,https://m.booking.naver.com/order/bizes/800982/items/4751418?theme=place&refererCode=menutab&area=ple,559
1359475420,탕수육,,14000,https://m.booking.naver.com/order/bizes/800982/items/4751418?theme=place&refererCode=menutab&area=ple,560
1359475420,만두(8개),,6000,https://m.booking.naver.com/order/bizes/800982/items/4751418?theme=place&refererCode=menutab&area=ple,561
1359475420,소주,,5000,https://m.booking.naver.com/order/bizes/800982/items/4751418?theme=place&refererCode=menutab&area=ple,562
1359475420,청하,,6000,https://m.booking.naver.com/order/bizes/800982/items/4751418?theme=place&refererCode=menutab&area=ple,563
1359475420,매화수,,6000,https://m.booking.naver.com/order/bizes/800982/items/4751418?theme=place&refererCode=menutab&area=ple,564
1359475420,맥주,,5000,https://m.booking.naver.com/order/bizes/800982/items/4751418?theme=place&refererCode=menutab&area=ple,565
1359475420,음료수,,2000,https://m.booking.naver.com/order/bizes/800982/items/4751418?theme=place&refererCode=menutab&area=ple,566
1161412295,녹 (장각추가),,16500,https://m.place.naver.com/restaurant/1161412295/menu,567
1161412295,유린기,,9500,https://m.place.naver.com/restaurant/1161412295/menu,568
1161412295,계피교자,,9500,https://m.place.naver.com/restaurant/1161412295/menu,569
1161412295,적 닭,,17500,https://m.place.naver.com/restaurant/1161412295/menu,570
1161412295,백 닭,,16500,https://m.place.naver.com/restaurant/1161412295/menu,571
1161412295,흑 닭,,16500,https://m.place.naver.com/restaurant/1161412295/menu,572
1016513873,Croissant,,4500,https://m.place.naver.com/restaurant/1016513873/menu,573
1016513873,Pain au Chocolate,,4800,https://m.place.naver.com/restaurant/1016513873/menu,574
1016513873,Americano,,5000,https://m.place.naver.com/restaurant/1016513873/menu,575
1016513873,Cafe Latte,,5500,https://m.place.naver.com/restaurant/1016513873/menu,576
1016513873,Danish Latte,,6300,https://m.place.naver.com/restaurant/1016513873/menu,577
1016513873,Kaffee HYGGE,,6300,https://m.place.naver.com/restaurant/1016513873/menu,578
1016513873,Almond Croissant,,5800,https://m.place.naver.com/restaurant/1016513873/menu,579
1016513873,Pain Suisse,,5900,https://m.place.naver.com/restaurant/1016513873/menu,580
1016513873,꽈리 소세지,,5900,https://m.place.naver.com/restaurant/1016513873/menu,581
1016513873,Garlic Butter Cream,,6200,https://m.place.naver.com/restaurant/1016513873/menu,582
1016513873,Apple Pie,,4800,https://m.place.naver.com/restaurant/1016513873/menu,583
1016513873,Raspberry Pie,,4800,https://m.place.naver.com/restaurant/1016513873/menu,584
1016513873,Sweet Potato Pie,,4800,https://m.place.naver.com/restaurant/1016513873/menu,585
1016513873,Pain Au Raisin,,5800,https://m.place.naver.com/restaurant/1016513873/menu,586
1016513873,Pistachio Roll,,5900,https://m.place.naver.com/restaurant/1016513873/menu,587
1576050573,점심 스페셜코스,,58000,https://m.place.naver.com/restaurant/1576050573/menu,588
1576050573,점심A코스,,34000,https://m.place.naver.com/restaurant/1576050573/menu,589
1576050573,점심B코스,,43000,https://m.place.naver.com/restaurant/1576050573/menu,590
1576050573,Dimsum 점심A코스,,38000,https://m.place.naver.com/restaurant/1576050573/menu,591
1576050573,Dimsum 점심B코스,,48000,https://m.place.naver.com/restaurant/1576050573/menu,592
1576050573,저녁 매코스,,53000,https://m.place.naver.com/restaurant/1576050573/menu,593
1576050573,저녁 난코스,,68000,https://m.place.naver.com/restaurant/1576050573/menu,594
1576050573,저녁 국코스,,85000,https://m.place.naver.com/restaurant/1576050573/menu,595
1576050573,저녁 보물코스,,110000,https://m.place.naver.com/restaurant/1576050573/menu,596
1576050573,저녁 바다코스,,150000,https://m.place.naver.com/restaurant/1576050573/menu,597
1576050573,Dimsum 저녁 딤섬A코스,,58000,https://m.place.naver.com/restaurant/1576050573/menu,598
1576050573,Dimsum 저녁 딤섬B코스,,68000,https://m.place.naver.com/restaurant/1576050573/menu,599
1576050573,딤섬- 새우샤오마이,,12000,https://m.place.naver.com/restaurant/1576050573/menu,600
1576050573,딤섬-소고기샤오마이,,12000,https://m.place.naver.com/restaurant/1576050573/menu,601
1576050573,딤섬- 샤오롱빠오,,12000,https://m.place.naver.com/restaurant/1576050573/menu,602
1541905519,케이준치킨 샌드위치(1~1.5인분),,12500,https://m.place.naver.com/restaurant/1541905519/menu,603
1541905519,아보카도치킨 샌드위치(1~1.5인분),,13000,https://m.place.naver.com/restaurant/1541905519/menu,604
1541905519,햄베이컨 샌드위치(1~1.5인분),,12500,https://m.place.naver.com/restaurant/1541905519/menu,605
1541905519,불고기 샌드위치(1~1.5인분),,13000,https://m.place.naver.com/restaurant/1541905519/menu,606
1541905519,새우브런치(1~1.5인분),,14000,https://m.place.naver.com/restaurant/1541905519/menu,607
1541905519,치킨브런치(1~1.5인분),,14000,https://m.place.naver.com/restaurant/1541905519/menu,608
1541905519,닭가슴살 샐러드(1인분),,9500,https://m.place.naver.com/restaurant/1541905519/menu,609
1541905519,새우 샐러드(1인분),,9500,https://m.place.naver.com/restaurant/1541905519/menu,610
1541905519,랭거스망고주스,,4500,https://m.place.naver.com/restaurant/1541905519/menu,611
1541905519,플레인 크로플,,4500,https://m.place.naver.com/restaurant/1541905519/menu,612
1541905519,누텔라 아이스크림 크로플,,6500,https://m.place.naver.com/restaurant/1541905519/menu,613
1541905519,아이스크림 크로플,,6000,https://m.place.naver.com/restaurant/1541905519/menu,614
1541905519,에스프레소(hot),,4000,https://m.place.naver.com/restaurant/1541905519/menu,615
1541905519,에스프레소 마끼아또(hot),,4300,https://m.place.naver.com/restaurant/1541905519/menu,616
1541905519,아메리카노(hot),,4300,https://m.place.naver.com/restaurant/1541905519/menu,617
1541905519,아메리카노(ice),,4800,https://m.place.naver.com/restaurant/1541905519/menu,618
1541905519,카페라떼(hot),,4800,https://m.place.naver.com/restaurant/1541905519/menu,619
1541905519,케일사과파인애플,,7000,https://m.place.naver.com/restaurant/1541905519/menu,620
1541905519,비트사과당근주스,,7000,https://m.place.naver.com/restaurant/1541905519/menu,621
1541905519,토마토 주스(ice),,7000,https://m.place.naver.com/restaurant/1541905519/menu,622
1097430598,새우 토마토 바질 오일 파스타,,19000,https://m.place.naver.com/restaurant/1097430598/menu,623
1097430598,해산물 토마토 국물 파스타,,21000,https://m.place.naver.com/restaurant/1097430598/menu,624
1097430598,잠봉 트러플 치즈 리가토니 파스타,,21000,https://m.place.naver.com/restaurant/1097430598/menu,625
1097430598,브라타 치즈&한우 라구 토마토 파스타,,23000,https://m.place.naver.com/restaurant/1097430598/menu,626
1097430598,새우 버섯 차우더 & 멜팅 치즈 브레드,,20000,https://m.place.naver.com/restaurant/1097430598/menu,627
1097430598,한우 토마토 스튜,,23000,https://m.place.naver.com/restaurant/1097430598/menu,628
1097430598,텐더샐러드,,21000,https://m.place.naver.com/restaurant/1097430598/menu,629
1097430598,오픈샌드위치,,22000,https://m.place.naver.com/restaurant/1097430598/menu,630
1097430598,봉골레 파피요뜨 리조뜨,,20000,https://m.place.naver.com/restaurant/1097430598/menu,631
1097430598,프렌치 토스트,,20000,https://m.place.naver.com/restaurant/1097430598/menu,632
1097430598,브라타 치즈 떡볶이 & 치즈볼,,18000,https://m.place.naver.com/restaurant/1097430598/menu,633
1097430598,컨츄리 스테이크,,33000,https://m.place.naver.com/restaurant/1097430598/menu,634
1097430598,콜키지 병당,,20000,https://m.place.naver.com/restaurant/1097430598/menu,635
38309897,샐러드,,18000,https://m.place.naver.com/restaurant/38309897/menu,636
38309897,파스타,,18000,https://m.place.naver.com/restaurant/38309897/menu,637
38309897,피자,,22000,https://m.place.naver.com/restaurant/38309897/menu,638
38309897,리조또,,22000,https://m.place.naver.com/restaurant/38309897/menu,639
38309897,최상급 꽃등심 250g,,58000,https://m.place.naver.com/restaurant/38309897/menu,640
1031190455,한와담 특안심(150g),,57000,https://m.place.naver.com/restaurant/1031190455/menu,641
1031190455,숙성채끝등심(150g),,56000,https://m.place.naver.com/restaurant/1031190455/menu,642
1031190455,한와담 미경산 암소 세트(600g),,270000,https://m.place.naver.com/restaurant/1031190455/menu,643
1031190455,숙성 눈꽃등심(150g),,58000,https://m.place.naver.com/restaurant/1031190455/menu,644
1031190455,새우등심(150g),,68000,https://m.place.naver.com/restaurant/1031190455/menu,645
1031190455,숙성살치살(150g),,65000,https://m.place.naver.com/restaurant/1031190455/menu,646
1031190455,한와담스폐셜(450g),,190000,https://m.place.naver.com/restaurant/1031190455/menu,647
1031190455,얼큰곱창국수(런치),,16000,https://m.place.naver.com/restaurant/1031190455/menu,648
1031190455,차돌볶음+된장찌개(런치),,15000,https://m.place.naver.com/restaurant/1031190455/menu,649
1031190455,한와담김치찌개(런치),,13000,https://m.place.naver.com/restaurant/1031190455/menu,650
1031190455,소갈비덮밥(런치),,13000,https://m.place.naver.com/restaurant/1031190455/menu,651
1031190455,육회비빔밥(런치),,14000,https://m.place.naver.com/restaurant/1031190455/menu,652
1031190455,한와담냉면(런치),,10000,https://m.place.naver.com/restaurant/1031190455/menu,653
1031190455,트러플육회,,45000,https://m.place.naver.com/restaurant/1031190455/menu,654
1031190455,스페셜육회,,39000,https://m.place.naver.com/restaurant/1031190455/menu,655
1273846511,[특.허.음.식 &재.주.문 1.위]매운 숯불뼈구이(小),,32500,https://m.place.naver.com/restaurant/1273846511/menu,656
1273846511,[특.허.음.식 &재.주.문 1.위]매운 숯불뼈구이(中),,40500,https://m.place.naver.com/restaurant/1273846511/menu,657
1273846511,[특.허.음.식 &재.주.문 1.위]매운 숯불뼈구이(大),,49500,https://m.place.naver.com/restaurant/1273846511/menu,658
1273846511,[혼자도 맛있는] 뼈해장국(혼밥),,14500,https://m.place.naver.com/restaurant/1273846511/menu,659
1273846511,[둘이 사이좋게] 뼈해장국(두밥),,25500,https://m.place.naver.com/restaurant/1273846511/menu,660
1273846511,뼈추가(3조각),,10000,https://m.place.naver.com/restaurant/1273846511/menu,661
1273846511,공기밥,,1000,https://m.place.naver.com/restaurant/1273846511/menu,662
1273846511,떡 사리( 뼈구이에 추가됩니다),,3000,https://m.place.naver.com/restaurant/1273846511/menu,663
1273846511,수제비 사리(감자탕에 추가됩니다),,3000,https://m.place.naver.com/restaurant/1273846511/menu,664
1273846511,사이다(500ml),,2000,https://m.place.naver.com/restaurant/1273846511/menu,665
1240090914,청어알쌈,,17000,https://m.place.naver.com/restaurant/1240090914/menu,666
1240090914,해물 누룽지탕,,20000,https://m.place.naver.com/restaurant/1240090914/menu,667
1240090914,연어 케이크,,28000,https://m.place.naver.com/restaurant/1240090914/menu,668
1240090914,우더덕,,28000,https://m.place.naver.com/restaurant/1240090914/menu,669
1240090914,겹겹겹찜,,25000,https://m.place.naver.com/restaurant/1240090914/menu,670
1240090914,육회&감태말이,,25000,https://m.place.naver.com/restaurant/1240090914/menu,671
1240090914,항정돼린기,,25000,https://m.place.naver.com/restaurant/1240090914/menu,672
1240090914,토마토 스튜,,25000,https://m.place.naver.com/restaurant/1240090914/menu,673
1240090914,새우 퐁듀,,22000,https://m.place.naver.com/restaurant/1240090914/menu,674
1240090914,석화,,20000,https://m.place.naver.com/restaurant/1240090914/menu,675
1240090914,항정 크림파스타,,18000,https://m.place.naver.com/restaurant/1240090914/menu,676
1240090914,상하이 파스타,,18000,https://m.place.naver.com/restaurant/1240090914/menu,677
1240090914,게빠삭,,18000,https://m.place.naver.com/restaurant/1240090914/menu,678
1240090914,닭세리(닭목살볶음),,18000,https://m.place.naver.com/restaurant/1240090914/menu,679
1240090914,새우 미나리전,,18000,https://m.place.naver.com/restaurant/1240090914/menu,680
38300641,주빠 디 깔라마리 파스타,,30500,https://m.place.naver.com/restaurant/38300641/menu,681
38300641,감베리 토마토 파스타,,26000,https://m.place.naver.com/restaurant/38300641/menu,682
38300641,카페산테 파스타,,29000,https://m.place.naver.com/restaurant/38300641/menu,683
38300641,알리오 올리오 파스타,,26000,https://m.place.naver.com/restaurant/38300641/menu,684
38300641,감베리 크림 파스타,,26000,https://m.place.naver.com/restaurant/38300641/menu,685
38300641,까르보나라 파스타,,26000,https://m.place.naver.com/restaurant/38300641/menu,686
38300641,라자냐 그라탕,,26000,https://m.place.naver.com/restaurant/38300641/menu,687
38300641,네로 디 깔라마리 리조또,,28000,https://m.place.naver.com/restaurant/38300641/menu,688
38300641,루꼴라 만조 리조또,,29000,https://m.place.naver.com/restaurant/38300641/menu,689
38300641,마르게리따 피자,,26000,https://m.place.naver.com/restaurant/38300641/menu,690
38300641,풍기 피자,,26000,https://m.place.naver.com/restaurant/38300641/menu,691
38300641,칼조네 피자,,26000,https://m.place.naver.com/restaurant/38300641/menu,692
38300641,스테이크 피자,,30000,https://m.place.naver.com/restaurant/38300641/menu,693
38300641,주빠 디 돌체 스프,,9000,https://m.place.naver.com/restaurant/38300641/menu,694
38300641,주빠 디 풍기 스프,,9000,https://m.place.naver.com/restaurant/38300641/menu,695
1800463318,낙곱새,"낙지와 곱창(대창), 새우를 넣어 만드는 부산의 볶음전골입니다. 1인 1주문 입니다. 대파자체에서 나오는 파기름을 사용하기 때문에 파의 양이 많은 편입니다. 대접밥이 기본 제공됩니다.",14000,https://m.booking.naver.com/order/bizes/255106/items/4075944?theme=place&refererCode=menutab&area=ple,696
1800463318,낙삼새,"낙지와 삼겹살, 새우를 넣어 만드는 부산의 볶음전골입니다. 1인 1주문 입니다. 대파자체에서 나오는 파기름을 사용하기 때문에 파의 양이 많은 편입니다. 대접밥이 기본 제공됩니다.",14000,https://m.booking.naver.com/order/bizes/255106/items/4075944?theme=place&refererCode=menutab&area=ple,697
1800463318,낙새,낙지와 새우를 넣어 만드는 부산의 볶음전골입니다. 1인 1주문 입니다. 대파자체에서 나오는 파기름을 사용하기 때문에 파의 양이 많은 편입니다. 대접밥이 기본 제공됩니다.,14000,https://m.booking.naver.com/order/bizes/255106/items/4075944?theme=place&refererCode=menutab&area=ple,698
1800463318,낙곱새,"낙지와 곱창(대창), 새우를 넣어 만드는 부산의 볶음전골입니다. 1인 1주문 입니다. 대파자체에서 나오는 파기름을 사용하기 때문에 파의 양이 많은 편입니다. 대접밥이 기본 제공됩니다.",14000,https://m.booking.naver.com/order/bizes/255106/items/4075944?theme=place&refererCode=menutab&area=ple,699
1800463318,낙삼새,"낙지와 삼겹살, 새우를 넣어 만드는 부산의 볶음전골입니다. 1인 1주문 입니다. 대파자체에서 나오는 파기름을 사용하기 때문에 파의 양이 많은 편입니다. 대접밥이 기본 제공됩니다.",14000,https://m.booking.naver.com/order/bizes/255106/items/4075944?theme=place&refererCode=menutab&area=ple,700
1800463318,낙새,낙지와 새우를 넣어 만드는 부산의 볶음전골입니다. 1인 1주문 입니다. 대파자체에서 나오는 파기름을 사용하기 때문에 파의 양이 많은 편입니다. 대접밥이 기본 제공됩니다.,14000,https://m.booking.naver.com/order/bizes/255106/items/4075944?theme=place&refererCode=menutab&area=ple,701
1800463318,스지대창전골,고소한 한우대창과 쫄깃한 스지를 한국식으로 해석해 특제 육수에 푸짐하게 끓여내었습니다.,29000,https://m.booking.naver.com/order/bizes/255106/items/4075944?theme=place&refererCode=menutab&area=ple,702
1800463318,추가,대창 / 낙지 / 새우 / 삼겹살,9000,https://m.booking.naver.com/order/bizes/255106/items/4075944?theme=place&refererCode=menutab&area=ple,703
1800463318,대접밥,,1000,https://m.booking.naver.com/order/bizes/255106/items/4075944?theme=place&refererCode=menutab&area=ple,704
1800463318,사리 추가,라면 / 사누끼우동 / 넓적당면,2000,https://m.booking.naver.com/order/bizes/255106/items/4075944?theme=place&refererCode=menutab&area=ple,705
1800463318,장모님 왕만두(4pcs),"국내산 돼지고기와 두부, 부추가 조화된 부드럽고 담백한 장모님의 손맛",7000,https://m.booking.naver.com/order/bizes/255106/items/4075944?theme=place&refererCode=menutab&area=ple,706
1800463318,동래 부추전,"부산에서 정구지찌짐이라고 불리우는 부추전, 직접만든 초장에 찍어 동래식으로 즐겨보세요.",16000,https://m.booking.naver.com/order/bizes/255106/items/4075944?theme=place&refererCode=menutab&area=ple,707
1800463318,12곡 미숫가루 밀크(500ml병),12곡 발아 미숫가루에 우유와 꿀만을 섞어 직접 만들었습니다. 낙곱새와 잘 어울립니다.,7000,https://m.booking.naver.com/order/bizes/255106/items/4075944?theme=place&refererCode=menutab&area=ple,708
1800463318,대게다릿살튀김(5pcs),부드러운 대게다릿살에 빵가루를 묻혀 노릇하게 튀겨내었습니다.,7000,https://m.booking.naver.com/order/bizes/255106/items/4075944?theme=place&refererCode=menutab&area=ple,709
1800463318,어린이 돈까스,"아직은 매운맛에 익숙하지 않은 어린이 친구들을 위한 사위식당만의 특별식. 돈까스와 스마일감자, 밥, 샐러드, 어린이음료",8000,https://m.booking.naver.com/order/bizes/255106/items/4075944?theme=place&refererCode=menutab&area=ple,710
1800463318,한우대창덮밥,특제소스에 구워낸 한우대창으로 훌륭한 덮밥을 만들어냈습니다.,12000,https://m.booking.naver.com/order/bizes/255106/items/4075944?theme=place&refererCode=menutab&area=ple,711
1800463318,낙지덮밥,탱글한 낙지와 각종 야채를 불맛을 입혀 볶아낸 매콤한 낙지덮밥,12000,https://m.booking.naver.com/order/bizes/255106/items/4075944?theme=place&refererCode=menutab&area=ple,712
1800463318,육회덮밥,특제양념으로 버무린 육회로 만들어낸 입맛 돌아오는 한끼,12000,https://m.booking.naver.com/order/bizes/255106/items/4075944?theme=place&refererCode=menutab&area=ple,713
1800463318,육회 비빔라면,고소하고 쫄깃한 육회와 새콤달콤한 비빔라면의 특별한 만남.,11000,https://m.booking.naver.com/order/bizes/255106/items/4075944?theme=place&refererCode=menutab&area=ple,714
1800463318,소주,참이슬 / 처음처럼,4000,https://m.booking.naver.com/order/bizes/255106/items/4075944?theme=place&refererCode=menutab&area=ple,715
1800463318,대선소주 (부산),,5000,https://m.booking.naver.com/order/bizes/255106/items/4075944?theme=place&refererCode=menutab&area=ple,716
1800463318,맥주,카스 / 클라우드 / 테라,5000,https://m.booking.naver.com/order/bizes/255106/items/4075944?theme=place&refererCode=menutab&area=ple,717
1800463318,지평막걸리,,5000,https://m.booking.naver.com/order/bizes/255106/items/4075944?theme=place&refererCode=menutab&area=ple,718
1800463318,음료,콜라 / 사이다,2000,https://m.booking.naver.com/order/bizes/255106/items/4075944?theme=place&refererCode=menutab&area=ple,719
32284680,티본 스테이크,,230000,https://m.place.naver.com/restaurant/32284680/menu,720
32284680,클래식 콥 샐러드,,24000,https://m.place.naver.com/restaurant/32284680/menu,721
32284680,스파이니 랍스터 & 스테이크,,150000,https://m.place.naver.com/restaurant/32284680/menu,722
32284680,스모크 립아이,,39000,https://m.place.naver.com/restaurant/32284680/menu,723
32284680,부채살 스테이크,,35000,https://m.place.naver.com/restaurant/32284680/menu,724
32284680,차돌 라이스 그라탕 & 감자 팬케익,,18000,https://m.place.naver.com/restaurant/32284680/menu,725
32284680,함박 스테이크,,23000,https://m.place.naver.com/restaurant/32284680/menu,726
32284680,한우 뉴욕 스트립 (200g),,74000,https://m.place.naver.com/restaurant/32284680/menu,727
32284680,한우 안심 (200g),,77000,https://m.place.naver.com/restaurant/32284680/menu,728
32284680,어린 양갈비,,49000,https://m.place.naver.com/restaurant/32284680/menu,729
32284680,시저 샐러드,,21000,https://m.place.naver.com/restaurant/32284680/menu,730
32284680,쉬림프 에메랄드 케일 샐러드,,23000,https://m.place.naver.com/restaurant/32284680/menu,731
32284680,피쉬 앤 칩스,,23000,https://m.place.naver.com/restaurant/32284680/menu,732
32284680,깔라마리 튀김,,24000,https://m.place.naver.com/restaurant/32284680/menu,733
32284680,감자튀김(레지아노),,12000,https://m.place.naver.com/restaurant/32284680/menu,734
1642908393,400 스테이크 덮밥(런치 한정메뉴),,16800,https://m.place.naver.com/restaurant/1642908393/menu,735
1642908393,미도인 스테이크 덮밥,,10500,https://m.place.naver.com/restaurant/1642908393/menu,736
1642908393,"9첩반상 (우니,단새우)디너한정메뉴",,19800,https://m.place.naver.com/restaurant/1642908393/menu,737
1642908393,미도인 가정식 등심 스테이크,,16800,https://m.place.naver.com/restaurant/1642908393/menu,738
1642908393,큐브 스테이크 덮밥 한상차림,,13800,https://m.place.naver.com/restaurant/1642908393/menu,739
1642908393,등심 트리플 스테이크,,17800,https://m.place.naver.com/restaurant/1642908393/menu,740
1642908393,대창 가정식 등심 스테이크,,19700,https://m.place.naver.com/restaurant/1642908393/menu,741
1642908393,곱창 가정식 등심 스테이크(한정메뉴),,20700,https://m.place.naver.com/restaurant/1642908393/menu,742
1642908393,등심 스테이크 덮밥 한상차림,,15800,https://m.place.naver.com/restaurant/1642908393/menu,743
1642908393,단새우 스테이크 덮밥 한상차림(S),,16800,https://m.place.naver.com/restaurant/1642908393/menu,744
1642908393,우니 스테이크 덮밥 한상차림(S),,19800,https://m.place.naver.com/restaurant/1642908393/menu,745
1642908393,화산 불백 덮밥,,9300,https://m.place.naver.com/restaurant/1642908393/menu,746
1642908393,곱창 대창 덮밥(한정메뉴),,13900,https://m.place.naver.com/restaurant/1642908393/menu,747
1642908393,큐브 스테이크 덮밥,,11500,https://m.place.naver.com/restaurant/1642908393/menu,748
1642908393,대창 덮밥,,12500,https://m.place.naver.com/restaurant/1642908393/menu,749
36620164,[일품요리] 참치모둠사시미,,60000,https://m.place.naver.com/restaurant/36620164/menu,750
36620164,[일품요리] 아라다께(조림),,50000,https://m.place.naver.com/restaurant/36620164/menu,751
36620164,[일품요리] 활어회무침,,35000,https://m.place.naver.com/restaurant/36620164/menu,752
36620164,[일품요리] 모둠튀김,,30000,https://m.place.naver.com/restaurant/36620164/menu,753
36620164,[벤또] 모둠 벤또,,25000,https://m.place.naver.com/restaurant/36620164/menu,754
36620164,[벤또] 긴자 벤또,,25000,https://m.place.naver.com/restaurant/36620164/menu,755
36620164,[벤또] 고메벤또,,35000,https://m.place.naver.com/restaurant/36620164/menu,756
36620164,[벤또] 프리미엄 다이벤또,,54000,https://m.place.naver.com/restaurant/36620164/menu,757
36620164,[긴자사시미 포장] 활어모둠사시미,,60000,https://m.place.naver.com/restaurant/36620164/menu,758
36620164,[평일 런치] 런치 정식,,38000,https://m.place.naver.com/restaurant/36620164/menu,759
36620164,[평일 런치] 런치 코스,,48000,https://m.place.naver.com/restaurant/36620164/menu,760
36620164,[평일 런치] 런치 스페셜,,68000,https://m.place.naver.com/restaurant/36620164/menu,761
36620164,[런치&디너&주말 코스] 사시미 정식,,58000,https://m.place.naver.com/restaurant/36620164/menu,762
36620164,[런치&디너&주말 코스] 사시미 코스,,85000,https://m.place.naver.com/restaurant/36620164/menu,763
36620164,[런치&디너&주말 코스] 사시미스페셜,,120000,https://m.place.naver.com/restaurant/36620164/menu,764
1389033208,새벽연어,,24000,https://m.place.naver.com/restaurant/1389033208/menu,765
1389033208,유자꿀육회,,21000,https://m.place.naver.com/restaurant/1389033208/menu,766
1389033208,소고기타다끼,,19000,https://m.place.naver.com/restaurant/1389033208/menu,767
1389033208,우규가라아게,,17000,https://m.place.naver.com/restaurant/1389033208/menu,768
1389033208,한우모츠나베,,24000,https://m.place.naver.com/restaurant/1389033208/menu,769
1389033208,알탕,,19000,https://m.place.naver.com/restaurant/1389033208/menu,770
1389033208,오뎅탕,,18000,https://m.place.naver.com/restaurant/1389033208/menu,771
1389033208,바지락술찜,,17000,https://m.place.naver.com/restaurant/1389033208/menu,772
1389033208,치킨가라아게,,14000,https://m.place.naver.com/restaurant/1389033208/menu,773
1389033208,사케동,,11000,https://m.place.naver.com/restaurant/1389033208/menu,774
1389033208,육회비빔밥,,10000,https://m.place.naver.com/restaurant/1389033208/menu,775
1389033208,멘보샤,,9000,https://m.place.naver.com/restaurant/1389033208/menu,776
1389033208,닭껍질튀김,,9000,https://m.place.naver.com/restaurant/1389033208/menu,777
1389033208,모찌리도후,,8000,https://m.place.naver.com/restaurant/1389033208/menu,778
21048406,가마우동,,9000,https://m.place.naver.com/restaurant/21048406/menu,779
21048406,냉우동,,9500,https://m.place.naver.com/restaurant/21048406/menu,780
21048406,오뎅 우동,,9000,https://m.place.naver.com/restaurant/21048406/menu,781
21048406,니꾸우동,,12000,https://m.place.naver.com/restaurant/21048406/menu,782
21048406,카레라이스,,12000,https://m.place.naver.com/restaurant/21048406/menu,783
21048406,규동,,12000,https://m.place.naver.com/restaurant/21048406/menu,784
21048406,크림고로케,,8000,https://m.place.naver.com/restaurant/21048406/menu,785
21048406,치킨,,7500,https://m.place.naver.com/restaurant/21048406/menu,786
21048406,진우동,,7500,https://m.place.naver.com/restaurant/21048406/menu,787
1593577547,명품 한우 꽃등심,,45000,https://m.place.naver.com/restaurant/1593577547/menu,788
1593577547,숙성 통 삼겹살,,16000,https://m.place.naver.com/restaurant/1593577547/menu,789
1593577547,구워먹는 임실치즈,,10000,https://m.place.naver.com/restaurant/1593577547/menu,790
1593577547,화포술밥(된장술밥),,8000,https://m.place.naver.com/restaurant/1593577547/menu,791
1593577547,명품 한우 차돌,,27000,https://m.place.naver.com/restaurant/1593577547/menu,792
1593577547,명품 한우 육회,,26000,https://m.place.naver.com/restaurant/1593577547/menu,793
1593577547,명품 숙성 오겹살,,17000,https://m.place.naver.com/restaurant/1593577547/menu,794
1593577547,숙성 통 목살,,16000,https://m.place.naver.com/restaurant/1593577547/menu,795
1593577547,생갈비,,17000,https://m.place.naver.com/restaurant/1593577547/menu,796
1593577547,항정살,,19000,https://m.place.naver.com/restaurant/1593577547/menu,797
1593577547,가브리살,,18000,https://m.place.naver.com/restaurant/1593577547/menu,798
1593577547,깍두기 치즈 볶음밥,,7000,https://m.place.naver.com/restaurant/1593577547/menu,799
1593577547,후식냉면(물),,6000,https://m.place.naver.com/restaurant/1593577547/menu,800
1593577547,후식냉면(비빔),,6000,https://m.place.naver.com/restaurant/1593577547/menu,801
21889352,방유당 점심 한상,,25000,https://m.place.naver.com/restaurant/21889352/menu,802
21889352,방유당 점심 정찬,,55000,https://m.place.naver.com/restaurant/21889352/menu,803
21889352,방유당 저녁 한상,,34000,https://m.place.naver.com/restaurant/21889352/menu,804
21889352,방유당 저녁 정찬 A,,70000,https://m.place.naver.com/restaurant/21889352/menu,805
21889352,방유당 저녁 정찬 B,,95000,https://m.place.naver.com/restaurant/21889352/menu,806
21889352,방유당 저녁 정찬 C,,120000,https://m.place.naver.com/restaurant/21889352/menu,807
20554101,브런치1,,22900,https://m.place.naver.com/restaurant/20554101/menu,808
20554101,브런치2,,18900,https://m.place.naver.com/restaurant/20554101/menu,809
20554101,브런치3,,18900,https://m.place.naver.com/restaurant/20554101/menu,810
20554101,브런치4,,18900,https://m.place.naver.com/restaurant/20554101/menu,811
20554101,브런치5,,18900,https://m.place.naver.com/restaurant/20554101/menu,812
20554101,브런치6,,16900,https://m.place.naver.com/restaurant/20554101/menu,813
20554101,브런치7,,44900,https://m.place.naver.com/restaurant/20554101/menu,814
20554101,까르보나라,,16900,https://m.place.naver.com/restaurant/20554101/menu,815
20554101,크림새우파스타,,16900,https://m.place.naver.com/restaurant/20554101/menu,816
20554101,로제파스타,,17900,https://m.place.naver.com/restaurant/20554101/menu,817
20554101,오일새우파스타,,16900,https://m.place.naver.com/restaurant/20554101/menu,818
20554101,페스카토레토마토파스타,,16900,https://m.place.naver.com/restaurant/20554101/menu,819
20554101,자몽티,,6800,https://m.place.naver.com/restaurant/20554101/menu,820
20554101,핸드드립커피,,6000,https://m.place.naver.com/restaurant/20554101/menu,821
20554101,아메리카노,,4500,https://m.place.naver.com/restaurant/20554101/menu,822
1405687754,아메리카노,,5000,https://m.place.naver.com/restaurant/1405687754/menu,823
1405687754,라떼,,5500,https://m.place.naver.com/restaurant/1405687754/menu,824
1405687754,바닐라빈 라떼,,6000,https://m.place.naver.com/restaurant/1405687754/menu,825
1405687754,스퀴즈 레몬에이드,,6500,https://m.place.naver.com/restaurant/1405687754/menu,826
1405687754,바닐라소다,,6000,https://m.place.naver.com/restaurant/1405687754/menu,827
1405687754,당근 쥬스,,6500,https://m.place.naver.com/restaurant/1405687754/menu,828
1405687754,케일 사과 쥬스,,7500,https://m.place.naver.com/restaurant/1405687754/menu,829
